{"cameraMode":{"drawMode":0,"name":"Shaded","section":"Shading Mode"},"sceneLighting":true,"audioPlay":false,"sceneViewState":{"m_AlwaysRefresh":false,"showFog":true,"showSkybox":true,"showFlares":true,"showImageEffects":true,"showParticleSystems":true,"showVisualEffectGraphs":true,"m_FxEnabled":true},"in2DMode":false,"pivot":{"x":-1.7219480276107789,"y":4.51078987121582,"z":3.898240089416504},"rotation":{"x":0.07074921578168869,"y":0.007477450184524059,"z":-0.0005290020490065217,"w":0.9974733591079712},"size":7.540939807891846,"orthographic":false}