{"cameraMode":{"drawMode":0,"name":"Shaded","section":"Shading Mode"},"sceneLighting":true,"audioPlay":false,"sceneViewState":{"m_AlwaysRefresh":false,"showFog":true,"showSkybox":true,"showFlares":true,"showImageEffects":true,"showParticleSystems":true,"showVisualEffectGraphs":true,"m_FxEnabled":true},"in2DMode":false,"pivot":{"x":-4.394517421722412,"y":1.4516239166259766,"z":4.738645553588867},"rotation":{"x":0.32859107851982119,"y":0.001412934623658657,"z":-0.0004910402349196374,"w":0.9444772601127625},"size":11.023073196411133,"orthographic":false}