{"cameraMode":{"drawMode":0,"name":"Shaded","section":"Shading Mode"},"sceneLighting":true,"audioPlay":false,"sceneViewState":{"m_AlwaysRefresh":false,"showFog":true,"showSkybox":true,"showFlares":true,"showImageEffects":true,"showParticleSystems":true,"showVisualEffectGraphs":true,"m_FxEnabled":true},"in2DMode":false,"pivot":{"x":-0.029264848679304124,"y":1.4349838495254517,"z":-9.716423034667969},"rotation":{"x":-0.01318952813744545,"y":-0.007503512315452099,"z":-0.00009853708615992218,"w":0.999889612197876},"size":1.5124876499176026,"orthographic":false}