{"cameraMode":{"drawMode":0,"name":"Shaded","section":"Shading Mode"},"sceneLighting":true,"audioPlay":false,"sceneViewState":{"m_AlwaysRefresh":false,"showFog":true,"showSkybox":true,"showFlares":true,"showImageEffects":true,"showParticleSystems":true,"showVisualEffectGraphs":true,"m_FxEnabled":true},"in2DMode":false,"pivot":{"x":-1.6242144107818604,"y":2.21884822845459,"z":-1.246227741241455},"rotation":{"x":0.015831291675567628,"y":0.9499182105064392,"z":-0.04878289997577667,"w":0.30827078223228457},"size":2.6324663162231447,"orthographic":false}