{"cameraMode":{"drawMode":0,"name":"Shaded","section":"Shading Mode"},"sceneLighting":true,"audioPlay":false,"sceneViewState":{"m_AlwaysRefresh":false,"showFog":true,"showSkybox":true,"showFlares":true,"showImageEffects":true,"showParticleSystems":true,"showVisualEffectGraphs":true,"m_FxEnabled":true},"in2DMode":false,"pivot":{"x":1.3658349514007569,"y":-0.27173852920532229,"z":6.953868865966797},"rotation":{"x":-0.33538904786109927,"y":0.0005880964454263449,"z":-0.0001670945348450914,"w":-0.9421336650848389},"size":5.5592570304870609,"orthographic":true}