{"cameraMode":{"drawMode":0,"name":"Shaded","section":"Shading Mode"},"sceneLighting":true,"audioPlay":false,"sceneViewState":{"m_AlwaysRefresh":false,"showFog":true,"showSkybox":true,"showFlares":true,"showImageEffects":true,"showParticleSystems":true,"showVisualEffectGraphs":true,"m_FxEnabled":true},"in2DMode":false,"pivot":{"x":-0.3823273777961731,"y":-4.299044609069824,"z":-34.95291519165039},"rotation":{"x":-0.0004664021253120154,"y":0.9966340065002441,"z":-0.08180537074804306,"w":-0.00568485539406538},"size":19.89838981628418,"orthographic":false}