{"cameraMode":{"drawMode":0,"name":"Shaded","section":"Shading Mode"},"sceneLighting":true,"audioPlay":false,"sceneViewState":{"m_AlwaysRefresh":false,"showFog":true,"showSkybox":true,"showFlares":true,"showImageEffects":true,"showParticleSystems":true,"showVisualEffectGraphs":true,"m_FxEnabled":true},"in2DMode":false,"pivot":{"x":1.6417083740234376,"y":1.4281047582626343,"z":-5.160164833068848},"rotation":{"x":-0.0253814235329628,"y":0.09942330420017243,"z":-0.0024455117527395488,"w":-0.9947831034660339},"size":14.40012264251709,"orthographic":true}