{"cameraMode":{"drawMode":0,"name":"Shaded","section":"Shading Mode"},"sceneLighting":true,"audioPlay":false,"sceneViewState":{"m_AlwaysRefresh":false,"showFog":true,"showSkybox":true,"showFlares":true,"showImageEffects":true,"showParticleSystems":true,"showVisualEffectGraphs":true,"m_FxEnabled":true},"in2DMode":false,"pivot":{"x":-0.025782644748687745,"y":0.7942624092102051,"z":0.17806720733642579},"rotation":{"x":0.19964787364006043,"y":0.004699784331023693,"z":-0.0009566267835907638,"w":0.979863166809082},"size":4.1566996574401859,"orthographic":true}