{"cameraMode":{"drawMode":0,"name":"Shaded","section":"Shading Mode"},"sceneLighting":true,"audioPlay":false,"sceneViewState":{"m_AlwaysRefresh":false,"showFog":true,"showSkybox":true,"showFlares":true,"showImageEffects":true,"showParticleSystems":true,"showVisualEffectGraphs":true,"m_FxEnabled":true},"in2DMode":false,"pivot":{"x":-0.36438965797424319,"y":-0.005899906158447266,"z":2.220653533935547},"rotation":{"x":-0.25650858879089358,"y":0.17769955098628999,"z":-0.04799163341522217,"w":-0.9489153623580933},"size":5.5592570304870609,"orthographic":true}